{"sedentary_minutes": -0.2571629741685517, "minutes_below_zone_1": 0.19177232914904996, "lightly_active_minutes": 0.15685373952716822}