{"exertion_ points": -0.2571629741685517, "sedentary_minutes": -0.26232384890897925}