{"sedentary_minutes": -0.2571629741685517, "steps": 4.729019418139293e-06, "exertion_points": 0.11574069151645701, "step_goal": 0.05502451870346987}