{"steps": 4.729019418139293e-06, "exercises": 3.4837170118306336e-05, "exercise_duration": 0.0005997901386267797, "minutes_in_zone_3": 0.001171658072340831, "calories": 0.0021716590716105576, "sleep_duration": 0.003142110201104703, "very_active_minutes": 0.006167189284689458, "minutes_in_zone_2": -0.006504841747257744, "moderately_active_minutes": 0.012782733893535632, "altitude": 0.014109105525580793, "step_goal": 0.05502451870346987, "sleep_points": 0.08904191787377856, "exertion_points": 0.11574069151645701, "lightly_active_minutes": 0.15685373952716822, "minutes_below_zone_1": 0.19177232914904996, "sedentary_minutes": -0.2571629741685517}