{"sedentary_minutes": -0.2646972804086739, "minutes_below_zone_1": 0.20325856011029367, "lightly_active_minutes": 0.16081088462666732, "exertion_points": 0.11358542262481357, "sleep_points": 0.09323033365971785, "step_goal": 0.046247797154783124, "moderately_active_minutes": 0.022510999278558017, "minutes_in_zone_1": 0.01653930363282389, "minutes_in_zone_2": -0.012093297113643244, "sleep_duration": -0.007883871946784912, "steps": 0.006086901190334006, "altitude": 0.00544697174052793, "calories": -0.005116296461319796, "very_active_minutes": 0.0023543380854860988, "minutes_in_zone_3": 0.0019130839236379846, "exercises": 0.0017028815914652221, "exercise_duration": -0.0007916016861331807}