{"sedentary_minutes": -0.26655314187852597, "minutes_below_zone_1": 0.2041643775005919, "lightly_active_minutes": 0.16641571811804773, "exertion_points": 0.11846199403842791, "sleep_points": 0.09956790436520008, "step_goal": 0.05772961849659635, "moderately_active_minutes": 0.0186940101777223, "minutes_in_zone_1": 0.01595735030748017, "minutes_in_zone_2": -0.011203777415856804, "very_active_minutes": 0.006082477603743708, "sleep_duration": 0.005967694218964809, "calories": -0.005318079015609725, "steps": -0.00525474355042252, "exercises": -0.004894490914665312, "altitude": 0.0043849523967640506, "exercise_duration": -0.0004958567017223255, "minutes_in_zone_3": -0.00024808172904935825}