{"sedentary_minutes": -0.2599805815033319, "minutes_below_zone_1": 0.20894338037006843, "lightly_active_minutes": 0.1617493069353519, "exertion_points": 0.11073467107556584, "sleep_points": 0.09687291716121434, "step_goal": 0.04535354924494999, "moderately_active_minutes": 0.0186209740162054, "steps": 0.0076124016079094185, "altitude": 0.007000177486248366, "minutes_in_zone_3": -0.0065787252608248276, "sleep_duration": -0.006553187338401994, "exercises": -0.003893237842273394, "exercise_duration": -0.003437917231257526, "minutes_in_zone_1": -0.0022958849681563804, "minutes_in_zone_2": 0.0011742987477762596, "very_active_minutes": -0.0007327661110177657, "calories": -0.0003325986988003853}