{"sedentary_minutes": -0.2633335323017309, "minutes_below_zone_1": 0.20059690258867938, "lightly_active_minutes": 0.16199622600092517, "exertion_points": 0.12057991665854048, "sleep_points": 0.1004857396399378, "step_goal": 0.05055139773713924, "moderately_active_minutes": 0.014560062104673544, "altitude": 0.008519981449758105, "calories": 0.005850185937805053, "exercise_duration": 0.0050671394383391315, "sleep_duration": 0.004719736568312514, "minutes_in_zone_2": -0.004463542248551873, "minutes_in_zone_3": -0.004325051007904806, "steps": 0.0038131877352850633, "very_active_minutes": -0.0025491096621564377, "minutes_in_zone_1": -0.0022365373862809554, "exercises": -0.0007200789606323729}