{"sedentary_minutes": -0.2668334286689555, "minutes_below_zone_1": 0.20097928187911762, "lightly_active_minutes": 0.16630568887877714, "exertion_points": 0.11698977980057894, "sleep_points": 0.09781012592048713, "step_goal": 0.05210076069873577, "moderately_active_minutes": 0.017379978006648984, "altitude": 0.01082571544059201, "minutes_in_zone_1": 0.01039619474347834, "steps": 0.008261083134584124, "exercises": 0.005474243967049, "minutes_in_zone_3": -0.004518204877497057, "calories": 0.0030829078900208753, "exercise_duration": 0.0018178703987282144, "minutes_in_zone_2": 0.0016137349785641053, "sleep_duration": 0.001398408285686371, "very_active_minutes": 6.4737755285252e-05}