{"sedentary_minutes": -0.2690320851273632, "minutes_below_zone_1": 0.20544791317126418, "lightly_active_minutes": 0.16786096139192747, "exertion_points": 0.11904048884084677, "sleep_points": 0.08913636405603581, "step_goal": 0.049222018422002765, "moderately_active_minutes": 0.01608961282640433, "minutes_in_zone_1": 0.015574049132336397, "very_active_minutes": 0.012651685096807046, "exercise_duration": -0.010923285135434882, "altitude": 0.010374117998549825, "minutes_in_zone_2": -0.009184554711861633, "steps": -0.004039173085862453, "exercises": -0.0037259682571436623, "calories": -0.002904047281300852, "minutes_in_zone_3": 0.002027048351265217, "sleep_duration": 0.00013066152498016656}