{"sedentary_minutes": -0.27257639950616414, "minutes_below_zone_1": 0.20780734170153922, "lightly_active_minutes": 0.17258405092946558, "exertion_points": 0.12116247581279906, "sleep_points": 0.09684390266062994, "step_goal": 0.052021688588373804, "moderately_active_minutes": 0.018919023266553363, "altitude": 0.012222794426655255, "very_active_minutes": 0.009871491805096787, "minutes_in_zone_2": -0.0074649552780029, "minutes_in_zone_1": 0.005610992110492597, "minutes_in_zone_3": -0.00467066381681824, "calories": 0.003629369124814851, "sleep_duration": 0.0033030268424946055, "exercise_duration": 0.002072292439937216, "steps": 0.001848048547423702, "exercises": 0.001534172962180537}