{"sedentary_minutes": -0.2757696880929166, "minutes_below_zone_1": 0.19950819114980664, "lightly_active_minutes": 0.16913120272956614, "exertion_points": 0.10368729424257274, "sleep_points": 0.09462928348567422, "step_goal": 0.04935736701892185, "altitude": 0.013689017282464007, "minutes_in_zone_2": -0.013546050047128257, "moderately_active_minutes": 0.01246971701100958, "sleep_duration": -0.011614771899500926, "very_active_minutes": 0.008579146468423227, "calories": -0.007892808544004728, "exercise_duration": 0.006048928891383362, "minutes_in_zone_1": 0.00598872962216494, "exercises": 0.0051343765309883205, "minutes_in_zone_3": -0.003126729075986771, "steps": -0.0004620285031207939}