{"sedentary_minutes": -0.27234898321047973, "minutes_below_zone_1": 0.20826807733623573, "lightly_active_minutes": 0.16764386773122442, "exertion_points": 0.120523756185104, "sleep_points": 0.09496421018253638, "step_goal": 0.05024910519426446, "moderately_active_minutes": 0.015998010642573432, "calories": -0.009660823773335454, "minutes_in_zone_1": 0.009396269474874335, "altitude": 0.007192741810533259, "minutes_in_zone_2": -0.00642852336017783, "minutes_in_zone_3": 0.0033575554100486837, "exercise_duration": -0.00305013290049944, "very_active_minutes": 0.0026525978150626728, "steps": 0.0008229381723645477, "exercises": 0.0007341442475899547, "sleep_duration": -0.000559735182354967}