{"sedentary_minutes": -0.2656406155952995, "minutes_below_zone_1": 0.20495405288059984, "lightly_active_minutes": 0.1730160789939829, "exertion_points": 0.11605646816497518, "sleep_points": 0.08574117922879812, "step_goal": 0.05664845251929397, "moderately_active_minutes": 0.01632073421248819, "altitude": 0.013693005208494825, "calories": 0.008826205205937902, "very_active_minutes": 0.008771414704684462, "sleep_duration": 0.007720330123204083, "exercise_duration": 0.005469450328351781, "steps": -0.00461553700682315, "minutes_in_zone_3": -0.0034117704371666546, "minutes_in_zone_2": -0.0027087077225616163, "minutes_in_zone_1": -0.0013057771364309463, "exercises": -0.001226018451416698}