{"sedentary_minutes": -0.2669873233691688, "minutes_below_zone_1": 0.20534345281332964, "lightly_active_minutes": 0.16879476944941563, "exertion_points": 0.11592246204402276, "sleep_points": 0.09376681178921087, "step_goal": 0.0560838399455581, "moderately_active_minutes": 0.015040895309457692, "minutes_in_zone_3": -0.011110712538898006, "altitude": 0.009365782578164485, "very_active_minutes": 0.00884338378422931, "minutes_in_zone_2": -0.008095622369919559, "minutes_in_zone_1": 0.007845589874257928, "calories": 0.0022881381679423184, "sleep_duration": 0.0016737457179450766, "steps": -0.00126418322092521, "exercises": -0.0008405659023070263, "exercise_duration": -0.0003480136753685148}