{"sedentary_minutes": -0.27669172255080454, "minutes_below_zone_1": 0.20791005285028483, "lightly_active_minutes": 0.1740043335376871, "exertion_points": 0.12236547278105664, "sleep_points": 0.09344762513731476, "step_goal": 0.05617815439511863, "moderately_active_minutes": 0.017104333474856084, "very_active_minutes": 0.01195050084306021, "altitude": 0.009839045631110656, "minutes_in_zone_2": -0.006644750515196693, "minutes_in_zone_1": 0.0050105327731276746, "exercises": 0.004102513404433746, "sleep_duration": 0.0029055039549438157, "exercise_duration": 0.0019298744081252992, "calories": -0.001206082886063429, "minutes_in_zone_3": 0.0010456565412802765, "steps": 0.00047868500186470594}