{"sedentary_minutes": -0.27409243365499614, "minutes_below_zone_1": 0.2064085935436011, "lightly_active_minutes": 0.17327764186100528, "exertion_points": 0.11822652840959058, "sleep_points": 0.09727544882378075, "step_goal": 0.05145820631785683, "minutes_in_zone_2": -0.012038821542185987, "altitude": 0.011727930704665863, "moderately_active_minutes": 0.010873068611930933, "minutes_in_zone_1": 0.01082253296533522, "steps": -0.003980431657758279, "very_active_minutes": 0.003450083639095815, "sleep_duration": -0.0029590708051141375, "exercise_duration": -0.0026385242862481907, "minutes_in_zone_3": -0.002568618536274622, "calories": -0.0022357892574209125, "exercises": -0.002227598156890468}