{"sedentary_minutes": -0.2778195469481893, "minutes_below_zone_1": 0.20289963806275244, "lightly_active_minutes": 0.1765272901574216, "exertion_points": 0.12253301429790409, "sleep_points": 0.09840492350275083, "step_goal": 0.04538186007650973, "moderately_active_minutes": 0.015846652848179592, "altitude": 0.014925107668938791, "minutes_in_zone_1": 0.01067646042788871, "very_active_minutes": 0.006458644778114085, "exercises": 0.006447447543093768, "steps": 0.006227172501941467, "minutes_in_zone_2": -0.004862203646605596, "minutes_in_zone_3": 0.0018294528404773952, "sleep_duration": 0.0003234455663076675, "exercise_duration": -0.00010870255825261948, "calories": -6.319835208874917e-05}