{"sedentary_minutes": -0.2690122814855108, "minutes_below_zone_1": 0.2066584529548853, "lightly_active_minutes": 0.17918476455331253, "exertion_points": 0.12485392493011323, "sleep_points": 0.09663919725773963, "step_goal": 0.05363661831862043, "altitude": 0.018039022512106734, "moderately_active_minutes": 0.011934200169632406, "very_active_minutes": 0.010661358130871174, "minutes_in_zone_2": -0.009960413881959741, "steps": 0.00906629000012856, "sleep_duration": 0.008378460402392983, "minutes_in_zone_1": 0.007557576687432803, "calories": 0.006500018159113293, "exercises": 0.006466812669329685, "exercise_duration": 0.001391529543994757, "minutes_in_zone_3": -0.0010853403983819559}