{"sedentary_minutes": -0.27545489607327195, "minutes_below_zone_1": 0.19851872354277267, "lightly_active_minutes": 0.17406003534330342, "exertion_points": 0.11453160080667132, "sleep_points": 0.08756759966782407, "step_goal": 0.05014491317756161, "moderately_active_minutes": 0.02114977042208182, "minutes_in_zone_2": -0.014625271010972999, "sleep_duration": 0.010238693516491024, "altitude": 0.007515809999496024, "very_active_minutes": 0.006135190857864138, "minutes_in_zone_3": 0.0059280149952262535, "exercise_duration": 0.00545119461309867, "minutes_in_zone_1": 0.004050681308118162, "calories": 0.0038842299245524757, "steps": -0.003434642778241107, "exercises": 0.00190880620908025}