{"sedentary_minutes": -0.27371247699151185, "minutes_below_zone_1": 0.20735738881806018, "lightly_active_minutes": 0.1807837652476938, "exertion_points": 0.11782050165675714, "sleep_points": 0.10019825322162293, "step_goal": 0.05395553795395193, "minutes_in_zone_2": -0.015590020078332477, "minutes_in_zone_1": 0.014283734120743503, "moderately_active_minutes": 0.011371422546975783, "altitude": 0.011003994139605502, "minutes_in_zone_3": 0.007067156437621878, "calories": -0.006211730837761343, "very_active_minutes": 0.006111308177549035, "exercises": -0.004957698864443654, "sleep_duration": -0.0037371654271026733, "steps": 0.0026742334358067846, "exercise_duration": 0.0006343448366976343}