{"sedentary_minutes": -0.2673339382630499, "minutes_below_zone_1": 0.21332294432600676, "lightly_active_minutes": 0.16971611421643634, "exertion_points": 0.11671645926697012, "sleep_points": 0.09153239627143955, "step_goal": 0.04286940305079803, "altitude": 0.011402105326462504, "minutes_in_zone_2": -0.007330678091415362, "moderately_active_minutes": 0.006769409168369472, "exercises": -0.004535697318680086, "steps": 0.004273278306876381, "very_active_minutes": 0.004271688118009613, "minutes_in_zone_1": 0.0037635165891370414, "exercise_duration": 0.0028729238226726426, "minutes_in_zone_3": 0.002265120755031674, "sleep_duration": 0.0009049365183909597, "calories": -0.0007209193879414772}