{"sedentary_minutes": -0.2628882518600188, "minutes_below_zone_1": 0.2055276928834775, "lightly_active_minutes": 0.1662430531751985, "exertion_points": 0.11422724985539724, "sleep_points": 0.09152296335098074, "step_goal": 0.054487933864024056, "moderately_active_minutes": 0.020226593120007158, "minutes_in_zone_2": -0.01205400835701358, "steps": -0.007233783847052226, "very_active_minutes": 0.005701692450365371, "calories": -0.004201133250688484, "sleep_duration": -0.004011132677867767, "minutes_in_zone_1": 0.003937308531150315, "minutes_in_zone_3": 0.0035173783533221726, "exercise_duration": -0.003489477554404184, "exercises": 0.002825056490476289, "altitude": 0.0023779730606731313}