{"sedentary_minutes": -0.2760915070252178, "minutes_below_zone_1": 0.1981024717062067, "lightly_active_minutes": 0.1693412791748708, "exertion_points": 0.11854906858591065, "sleep_points": 0.09784919129283866, "step_goal": 0.07099452908689075, "moderately_active_minutes": 0.014859384890908076, "very_active_minutes": 0.007772553270999376, "minutes_in_zone_1": 0.006222537455165896, "altitude": 0.005161896224240152, "minutes_in_zone_3": 0.004459425929068963, "minutes_in_zone_2": 0.0032335841967699604, "sleep_duration": 0.002233139662333624, "exercise_duration": 0.0021603681683202425, "calories": 0.00187301663712124, "exercises": -0.0013491798618663622, "steps": -0.0006191222669032181}