{"sedentary_minutes": -0.26408874904479573, "minutes_below_zone_1": 0.1989276360839349, "lightly_active_minutes": 0.17139829191594586, "exertion_points": 0.10573234524934834, "sleep_points": 0.0912617053773298, "step_goal": 0.04923346593869273, "moderately_active_minutes": 0.02350745547733312, "altitude": 0.01301826029036895, "minutes_in_zone_1": 0.007885514220794244, "minutes_in_zone_2": -0.005896303644695853, "calories": 0.005794424816904112, "exercise_duration": -0.00378963717843348, "steps": 0.0026922403929094843, "very_active_minutes": 0.0014268548315557101, "sleep_duration": 0.0012750626318036383, "exercises": 0.0004994689075830627, "minutes_in_zone_3": 0.00020087645700581194}