{"sedentary_minutes": -0.270472226518778, "minutes_below_zone_1": 0.20617487576820895, "lightly_active_minutes": 0.17377483503301175, "exertion_points": 0.11726591617649955, "sleep_points": 0.093075459705549, "step_goal": 0.051766110730954426, "moderately_active_minutes": 0.01547652979519164, "altitude": 0.015081089112516554, "minutes_in_zone_2": -0.008586218649531047, "minutes_in_zone_1": 0.0065193602052004565, "minutes_in_zone_3": 0.005843990155034097, "steps": -0.004263074212909626, "very_active_minutes": -0.003508525905006661, "exercise_duration": 0.0014410755726926067, "calories": -0.0009705120521027371, "exercises": -0.00018750246908002944, "sleep_duration": 0.00010569148036177674}