{"sedentary_minutes": -0.2577126731917539, "minutes_below_zone_1": 0.20548530050327887, "lightly_active_minutes": 0.15890298006536463, "exertion_points": 0.11564566314848594, "sleep_points": 0.09488081547862738, "step_goal": 0.05022317038251023, "moderately_active_minutes": 0.030014816219150843, "minutes_in_zone_1": 0.012139008823394538, "minutes_in_zone_2": -0.007627366895126903, "very_active_minutes": 0.006646591540555319, "exercise_duration": 0.004585519167143738, "exercises": 0.003885320778912782, "calories": 0.0037672208394493, "steps": 0.003337550101361311, "minutes_in_zone_3": 0.002707712900745127, "sleep_duration": -0.0009838328372158483, "altitude": 0.0008001184658131884}