{"steps": -0.00046214920862635043, "exertion_points": 0.11446402442036006, "step_goal": 0.050659830363696666, "minutes_below_zone_1": 0.2050667894345541, "minutes_in_zone_1": 0.007163434241415815, "sedentary_minutes": -0.2678196236080476}