{"minutes_in_zone_1": 0.007163434241415815, "lightly_active_minutes": 0.16906059301131376, "exertion_points": 0.11446402442036006, "sleep_points": 0.09321390640193324}