{"sedentary_minutes": -0.3469876173295723, "minutes_below_zone_1": 0.2723196830473593, "lightly_active_minutes": 0.1631608039205553, "exertion_points": 0.1054913663553558, "sleep_points": 0.07389666162333087}