{"sedentary_minutes": -0.25342361964719475, "minutes_below_zone_1": 0.2812543409230822, "lightly_active_minutes": 0.1962106865353173, "exertion_points": 0.11833132433225285, "sleep_points": 0.0873367317796774, "step_goal": -0.0033131065169994315, "altitude": 0.005272158978435898, "minutes_in_zone_1": 0.003335196132928157, "minutes_in_zone_2": -0.000852884198234287, "minutes_in_zone_3": -0.005353399631203573, "steps": 0.001236983952182965, "exercises": -0.004456119408164941, "exercise_duration": -0.004152739346279823, "calories": 0.001157327596824134}