{"sedentary_minutes": -0.2754814159634733, "minutes_below_zone_1": 0.3389343533403148, "lightly_active_minutes": 0.2023571630439511, "exertion_points": 0.1476189311214476, "sleep_points": 0.08436618684948613, "step_goal": -0.005247128548333955, "altitude": 0.00773044880235576, "minutes_in_zone_3": -0.006429566228619787, "minutes_in_zone_2": 0.002198118518338356, "steps": 0.004389326878379532, "exercises": -0.002533351773543643, "exercise_duration": -0.002346223514316053, "calories": 0.001169872187768864}