{"sedentary_minutes": -0.2571629741685517, "minutes_below_zone_1": 0.19177232914904996, "exertion_points": 0.07488772483144812, "sleep_points": 0.0685691632509518, "lightly_active_minutes": 0.03147998135750817}