{"sedentary_minutes": -0.1759485333116295, "minutes_below_zone_1": 0.2649567183385278, "lightly_active_minutes": 0.1781874430453346, "exertion_points": 0.1129536315244491, "sleep_points": 0.0963689011876558, "step_goal": 0.05259626387482688, "altitude": 0.00421846343636558, "minutes_in_zone_1": 0.003685823674635955, "minutes_in_zone_3": -0.009195586732381468, "steps": 0.002923662326786273, "exercises": -0.00484172977577737, "exercise_duration": -0.003678410251785161, "minutes_in_zone_2": -0.003373135671034744, "very_active_minutes": 0.001096935327951238, "sleep_duration": 0.001013177441757712}