{"sedentary_minutes": -0.2356938732122133, "minutes_below_zone_1": 0.2242215835927871, "lightly_active_minutes": 0.1531863110185351, "exertion_points": 0.1115183087489538, "sleep_points": 0.08625917560577125, "step_goal": 0.05283039613173625, "altitude": 0.01406775767383741, "minutes_in_zone_1": 0.01366443642414619, "very_active_minutes": 0.01151716358119116, "exercises": -0.004155873855994463, "exercise_duration": -0.004063646246716877, "minutes_in_zone_2": 0.0009948853335246556, "moderately_active_minutes": 0.0007211461182871762}