{"sedentary_minutes": -0.487139526963552,
 "minutes_below_zone_1": 0.3782567724367391,
 "exertion_points": 0.17612726859685953,
 "sleep_points": 0.03984220879165063,
 "steps": -3.223262937896899e-06,
 "altitude": -1.5919464139163554e-05,
 "minutes_in_zone_1": 1.858217157911773e-04,
 "lightly_active_minutes": 0.0,
 "moderately_active_minutes": 0.0,
 "exercises": 0.0,
 "exercise_duration": 0.0,
 "calories": -2.381547661933165e-05}