{"sedentary_minutes": -0.36352274936586255, "minutes_below_zone_1": 0.31330216251256425, "steps": 0.005848556535196784, "exertion_points": 0.002583712739164112, "sleep_points": 0.0, "altitude": 0.00328918661363721, "minutes_in_zone_1": -0.001528772652452863, "minutes_in_Zone_2": 0.02287349819836788, "minutes_in_Zone_3": 0.003121593334535722, "exercises": -0.0025154343473334865, "exercise_duration": -0.002214236872423933, "sleep_duration": 0.0}