{"sedentary_minutes": -0.4568237584115812, "minutes_below_zone_1": 0.33249893818591336, "lightly_active_minutes": 0.10833274925362413, "exertion_points": 0.0851555845481994, "sleep_points": 0.04114231239158766, "step_goal": -0.007856877156138523, "altitude": 0.003549882381148737, "minutes_in_zone_3": -0.007825331167577785, "minutes_in_zone_2": -0.00778485935381522, "steps": 0.001241875224668467, "exercises": -0.011318815229783337, "exercise_duration": -0.006731238618475315, "calories": 0.001137828453882394}