{"sedentary_minutes": -0.3685425725115823, "minutes_below_zone_1": 0.4119047340337353, "lightly_active_minutes": 0.1247868172922818, "exertion_points": 0.04483183517257767, "sleep_points": 0.0379553343341787, "steps": -1.162882359335588e-05, "very_active_minutes": 0.0, "exercises": 0.0, "exercise_duration": 0.0, "altitude": 0.0, "minutes_in_zone_2": 0.1326848581974253, "minutes_in_zone_3": -0.04612332834513765, "sleep_duration": 0.0}