{"sedentary_minutes": 0.5293718606524861, "minutes_below_zone_1": -0.3164356651533195, "lightly_active_minutes": 0.1138618383541976, "exertion_points": 0.06271357483882753, "sleep_points": -0.01433256533437746, "step_goal": 0, "altitude": 0.007396828035682772, "minutes_in_zone_1": -0.01393236334128133, "minutes_in_zone_3": 0, "steps": 0.01218285531427208, "exercises": 0.0026158954829213643, "exercise_duration": -0.006672316327338626, "minutes_in_zone_2": 0}