{"sedentary_minutes": -0.3569653885264782, "minutes_below_zone_1": 0.2611784036796291, "lightly_active_minutes": 0.1832834861339255, "exertion_points": 0.11378573635848155, "sleep_points": 0.08673192402410895, "step_goal": 0.05344581268747962, "altitude": 0.007688558627812465, "minutes_in_zone_1": 0.00338563546195635, "moderately_active_minutes": 0.0, "steps": 0.0, "exercises": 0.0, "exercise_duration": 0.0, "minutes_in_zone_2": 0.0, "minutes_in_zone_3": 0.0, "sleep_duration": 0.0, "calories": 0.0}