{"sedentary_minutes": -0.5721263855235821, "minutes_below_zone_1": 0.3912653641469155, "lightly_active_minutes": 0.2361718731487643, "exertion_points": 0.111591886724238, "sleep_points": 0.07753982327294813}