{"sedentary_minutes": -0.3565489692536135, "minutes_below_zone_1": 0.2745684541644125, "lightly_active_minutes": 0.1324874972544333, "exertion_points": 0.08121841577958433, "sleep_points": 0.0659311927542531, "step_goal": -0.02615166875831313, "altitude": 0.005321129629222254, "minutes_in_zone_3": 0.002361165855411953, "minutes_in_zone_2": -0.01703455624805932, "steps": 0.003831844283579745, "exercises": -0.012039884917218863, "exercise_duration": -0.005470433387331641, "calories": 0.001382264722672123}