{"sedentary_minutes": -0.2523488389676436, "minutes_below_zone_1": 0.2336449211061823, "lightly_active_minutes": 0.1864749572268155, "exertion_points": 0.1097286156339513, "sleep_points": 0.08343863103181332}