{"sedentary_minutes": -0.28554373578238515, "minutes_below_zone_1": 0.26986361311316385, "lightly_active_minutes": 0.16353884898370475, "exertion_points": 0.12277673428258115, "sleep_points": 0.08836355282873225, "step_goal": -0.009813395543811992, "altitude": 0.0031035268922992137, "minutes_in_zone_3": -0.01256896604133552, "minutes_in_zone_2": -0.011865868847513242, "steps": 0.005112928723371533, "exercises": -0.0039564428704852415, "exercise_duration": -0.0032872351836801136, "sleep_duration": 0.0010879632745058733, "calories": 0.0009894933591423965}