{
    "sedentary_minutes": -0.2739354624361364, 
    "minutes_below_zone_1": 0.2813745665638683, 
    "lightly_active_minutes": 0.17333361554953953, 
    "exertion_points": 0.10376151292206145, 
    "sleep_points": 0.08323131887710335, 
    "step_goal": -0.008582769223828567, 
    "altitude": 0.004832697752313357, 
    "minutes_in_zone_1": 0.004696831473630148, 
    "very_active_minutes": 0.002253282663657311, 
    "exercises": -0.00286523721427929, 
    "exercise_duration": -0.003337733352621697, 
    "minutes_in_zone_2": -0.005613653877182427, 
    "minutes_in_zone_3": 0.0003568591271818847 
}