{"sedentary_minutes": -0.4196875974823417, "minutes_below_zone_1": 0.3392643182416161, "lightly_active_minutes": 0.1626253113124578, "exertion_points": 0.0845817626914882, "sleep_points": 0.07075634272836527, "step_goal": -0.00778385843472533, "altitude": 0.003193213829634511, "minutes_in_zone_1": 0.002173333537558126, "minutes_in_zone_2": -0.001837574338933744, "minutes_in_zone_3": -0.001782091032518833, "steps": 0.001567223183331236, "exercises": 0.0014116753147374625, "exercise_duration": 0.001352988197483812, "sleep_duration": -0.0007754153742415272}