{"minutes_in_zone_1": 0.05363723539532338, "exertion_points": 0.1648455953943638, "steps": 0.05181756237428743, "sleep_points": 0.0785814535665669}