{"minutes_in_zone_1": 0.0725893552639487, "exertion_points": 0.17888594896616555, "lightly_active_minutes": 0.13829379743736336, "steps": 0.03962243372892178, "sedentary_minutes": 0.027512422293018195, "sleep_points": 0.05386821345592364}