{"minutes_below_zone_1": 0.1932344533855459, "lightly_active_minutes": 0.1703526832318151, "exertion_points": 0.1155344893223871, "sedentary_minutes": -0.255728964573262, "sleep_points": 0.0951145395473522}