{"minutes_below_zone_1": 0.1923584433428531, "lightly_active_minutes": 0.2376373141533833, "exertion_points": 0.13858645933366695, "sleep_points": 0.1255551118551471, "steps": 0.0254684626522578}