{"minutes_below_zone_1": 0.1932836595622265, "lightly_active_minutes": 0.1523741152881362, "exertion_points": 0.1274699658525263, "sleep_points": 0.0895127612217729, "steps": -0.0028497739111632}