{"minutes_below_zone_1": 0.452238651934652, "sedentary_minutes": -0.5711213480653476}