{"minutes_below_zone_1": -0.3582546212213362, "sedentary_minutes": -0.3273569989831573, "exertion_points": 0.04859833316344365, "steps": 0.0, "sleep_points": 0}