{"minutes_below_zone_1": -0.5233355832195575, "sedentary_minutes": 0.4696644167804425}