{"minutes_below_zone_1": -0.5428345232155333, "sedentary_minutes": -0.4769251197549157, "exertion_points": 0.0485432621898735, "steps": 0.0, "sleep_points": 0.0}