{"minutes_below_zone_1": -0.4258724255311923, "sedentary_minutes": -0.3163265711293226, "exertion_points": 0.11388657386122743, "sleep_points": 0.08771311714322155}