{"minutes_in_zone_1": 0.07252324853458154, "lightly_active_minutes": 0.1598168568225178, "exertion_points": 0.11267723353252766, "sleep_points": 0.0941426614524859}