{"exertion_points": 0.11574069, "minutes_below_zone_1": 0.19177233, "sedentary_minutes": -0.25716297}