{"exertion_points": 0.1157406915, "minutes_below_zone_1": 0.1917723291, "lightly_active_minutes": 0.1568537395, "sleep_points": 0.0890419179}