{"minutes_below_zone_1": -0.352788435571112, "sedentary_minutes": 0.3352115644289872}