{"minutes_below_zone_1": -0.4133235859623715, "sedentary_minutes": -0.31595691304323137, "exertion_points": 0.1827229229233896, "sleep_points": 0.05658735597823547}